workload,verifies,temp_scale,onehot_above,tok_per_step,tok_per_step_is_tok,tok_per_step_is_bv,ess
agent-loop,5986,1.0,0.0,3.8983477977044267,3.9230434816970456,3.9723483095896217,5986.0
agent-loop,5986,1.0,0.5,3.8199361892925587,3.8943239084642913,3.9098239899731397,2914.7562188253446
agent-loop,5986,1.0,0.6,3.860140857675801,3.898410219438737,3.9310735303796895,3948.3417915585387
agent-loop,5986,1.0,0.7,3.881531223082639,3.9032828576026435,3.9413241286251646,4771.037218295976
agent-loop,5986,1.0,0.8,3.894198983924195,3.913980354907084,3.956282719803873,5367.896595634844
agent-loop,5986,1.0,0.9,3.9002836314882163,3.927504549154193,3.974652457956928,5832.865081601256
agent-loop,5986,1.0,0.95,3.898548557622919,3.9256319229262577,3.9735939404447116,5960.9729019585575
agent-loop,5986,0.9,0.0,3.9031586739865545,3.932946880210379,3.978726865674523,5511.112900127537
agent-loop,5986,0.9,0.5,3.8174954089533597,3.9178458958707645,3.9269423399802874,2537.5619314370742
agent-loop,5986,0.9,0.6,3.8544209730348697,3.915185897409999,3.945830244045496,3442.6433933000444
agent-loop,5986,0.9,0.7,3.8749233668593175,3.9096610936063327,3.945482836730215,4199.89107576429
agent-loop,5986,0.9,0.8,3.8922989947821622,3.925322555435887,3.9662670333508556,4806.769869627175
agent-loop,5986,0.9,0.9,3.902677541356199,3.9326441550558595,3.976765907042423,5319.087100285006
agent-loop,5986,0.9,0.95,3.9030516889451192,3.933548761903298,3.979582601582024,5501.5272932656835
agent-loop,5986,0.8,0.0,3.902679822923724,3.9435371300841493,3.9888836152922846,5097.110995227873
agent-loop,5986,0.8,0.5,3.8137893948841635,3.9423175470411147,3.9507636872066074,2251.7037572213503
agent-loop,5986,0.8,0.6,3.8498154970724956,3.921138862263521,3.953025437478441,3105.384485229829
agent-loop,5986,0.8,0.7,3.872779910467963,3.925727905635091,3.9603912369867142,3798.1211130826155
agent-loop,5986,0.8,0.8,3.8898808609382196,3.928270381674852,3.9688472834841617,4450.08165378278
agent-loop,5986,0.8,0.9,3.899622989541092,3.937781701094836,3.9827843683837973,4897.717099034003
agent-loop,5986,0.8,0.95,3.902679822923724,3.9435371300841493,3.9888836152922846,5097.110995227873
agent-loop,5986,0.7,0.0,3.899043790074403,3.945489218112302,3.989878492448904,4548.982348546118
agent-loop,5986,0.7,0.5,3.805714155475601,3.9174635691589352,3.925321109184388,1874.1648898374071
agent-loop,5986,0.7,0.6,3.834611146841318,3.9328387976561916,3.9511132582089212,2603.030784789108
agent-loop,5986,0.7,0.7,3.863775389112469,3.9308975548115113,3.9606767245008303,3268.8155868456256
agent-loop,5986,0.7,0.8,3.881895724725501,3.9352363685515814,3.97278977377664,3944.0021954310223
agent-loop,5986,0.7,0.9,3.8952864447218527,3.947673880930117,3.99116869806109,4318.727561447592
agent-loop,5986,0.7,0.95,3.899043790074403,3.9454892181123014,3.9898784924489035,4548.982348546121
agent-loop,5986,0.6,0.0,3.891346628680766,3.950983677134612,3.99469060944862,3942.7742351169245
agent-loop,5986,0.6,0.5,3.8017985627832176,3.953301759528993,3.9580558396652155,1799.8814712389694
agent-loop,5986,0.6,0.6,3.8312359481308498,3.932255052795403,3.9464701730517624,2201.9179162817545
agent-loop,5986,0.6,0.7,3.8583276109334723,3.9335816301987934,3.9617931891386533,2793.6788608941592
agent-loop,5986,0.6,0.8,3.8717599259935893,3.941980825797166,3.978786127963641,3351.0824231324027
agent-loop,5986,0.6,0.9,3.8862706479544045,3.947704561670704,3.990331394884128,3745.7651016994732
agent-loop,5986,0.6,0.95,3.8913443603272713,3.95168837288057,3.995461184817541,3940.251461709376
agent-loop,5986,0.5,0.0,3.881220406761982,3.9552539315911224,3.9941088199224675,3193.9474201093894
agent-loop,5986,0.5,0.5,3.7982935713727453,3.983462055325903,3.987858127365969,1639.155571435483
agent-loop,5986,0.5,0.6,3.824787149265279,3.93772090517285,3.950361408434477,1633.977860735207
agent-loop,5986,0.5,0.7,3.843056184410039,3.943776494455,3.962599051091225,2237.835831182659
agent-loop,5986,0.5,0.8,3.8617960784131564,3.944064821962159,3.9753025741067938,2698.715256068382
agent-loop,5986,0.5,0.9,3.8760057381793125,3.948609544578449,3.9861744659740053,3073.440002585773
agent-loop,5986,0.5,0.95,3.8812287290556164,3.9564954449899914,3.9953907931100963,3189.1647292489065
agent-loop,5986,0.4,0.0,3.866843995655413,3.9430012423909826,3.9758594753060468,2381.4669112519387
agent-loop,5986,0.4,0.5,3.793767956006124,3.9997870436744054,4.004196281068439,1551.9384612832696
agent-loop,5986,0.4,0.6,3.819854715327262,3.9677156960411084,3.9799294088615818,1333.7621263383799
agent-loop,5986,0.4,0.7,3.836913132812248,3.9364762883679356,3.95453880257083,1507.0581156538242
agent-loop,5986,0.4,0.8,3.8501074292556217,3.9323912298845376,3.9552819805241106,2017.2922039131674
agent-loop,5986,0.4,0.9,3.8607027929509954,3.9437946750252286,3.9736071050926873,2299.205153661619
agent-loop,5986,0.4,0.95,3.866843995655413,3.9430012423909826,3.9758594753060468,2381.466911251939
agent-loop,5986,0.3,0.0,3.850955494880344,3.9404344537885536,3.9625527176740083,1629.0014544658202
agent-loop,5986,0.3,0.5,3.792257318496518,3.9847586628420983,3.987016819859385,1247.5738384536116
agent-loop,5986,0.3,0.6,3.8034148795476197,4.008261483855149,4.014131872778005,1560.6723285298572
agent-loop,5986,0.3,0.7,3.818658461054581,3.9478178928540424,3.958881653119192,929.5222752905305
agent-loop,5986,0.3,0.8,3.8336701960367625,3.9402557760460533,3.95651675807613,1216.5368413877063
agent-loop,5986,0.3,0.9,3.847549575225738,3.936193372877255,3.9565672667725433,1539.098593371123
agent-loop,5986,0.3,0.95,3.850955494880344,3.9404344537885545,3.962552717674009,1629.0014544658195
code-edit,3600,1.0,0.0,10.148038203640832,10.237293536004977,10.249337983508699,3600.0
code-edit,3600,1.0,0.5,10.231829458643599,10.361689365582667,10.359717546793549,2088.638874898001
code-edit,3600,1.0,0.6,10.2374567078631,10.368683957999814,10.37169198996134,2668.6308491535083
code-edit,3600,1.0,0.7,10.220243768840449,10.339940428118831,10.344957732727885,3022.0541147314434
code-edit,3600,1.0,0.8,10.201907238935032,10.306745213987584,10.316928039179313,3278.3983203380235
code-edit,3600,1.0,0.9,10.167852017397474,10.262433790109815,10.27380611956641,3511.0763098404136
code-edit,3600,1.0,0.95,10.151586269676857,10.239573962632305,10.251251247683625,3588.460748923762
code-edit,3600,0.9,0.0,10.17529921482406,10.265547363313456,10.278611764550995,3491.2755393892303
code-edit,3600,0.9,0.5,10.23814105192911,10.4004034540554,10.399505824352143,2039.7783649133337
code-edit,3600,0.9,0.6,10.239794623292513,10.388179293433858,10.39025590754452,2549.056801197514
code-edit,3600,0.9,0.7,10.230364667586839,10.33628074545571,10.342293661489412,2843.4350430438512
code-edit,3600,0.9,0.8,10.215049757494427,10.341880800434433,10.352445043269983,3128.067935024976
code-edit,3600,0.9,0.9,10.190008631389317,10.306978402209714,10.318796376056492,3373.200564111008
code-edit,3600,0.9,0.95,10.175687191283533,10.265130301917306,10.278191482892797,3491.0952454408703
code-edit,3600,0.8,0.0,10.191012751148925,10.299984365676552,10.312454548259975,3376.1026582534646
code-edit,3600,0.8,0.5,10.23634778658776,10.377144890183134,10.37717885592874,1995.4721766679284
code-edit,3600,0.8,0.6,10.238423824059192,10.3810781943171,10.383378619144896,2464.0212170286704
code-edit,3600,0.8,0.7,10.231041288226614,10.352073998877536,10.359403585841372,2766.472637281555
code-edit,3600,0.8,0.8,10.221985071838185,10.355362173206547,10.365708280785794,3043.925087995204
code-edit,3600,0.8,0.9,10.204379685350231,10.334879318185259,10.345632932384984,3256.0720306620383
code-edit,3600,0.8,0.95,10.191012751148925,10.299984365676552,10.312454548259975,3376.1026582534646
code-edit,3600,0.7,0.0,10.206962038841354,10.344062439936234,10.35267251308449,3205.2679271640327
code-edit,3600,0.7,0.5,10.23668410998555,10.380747281817856,10.380804608709665,1919.3318457171563
code-edit,3600,0.7,0.6,10.238469026866133,10.380098868687847,10.379380108958069,2286.1006943020384
code-edit,3600,0.7,0.7,10.233972892109485,10.385145122822584,10.387850752835163,2605.753074574592
code-edit,3600,0.7,0.8,10.230034168577932,10.366922220284843,10.377673147057138,2892.943039189849
code-edit,3600,0.7,0.9,10.218170023993451,10.353408745614239,10.361525126011273,3085.6420925476286
code-edit,3600,0.7,0.95,10.206962038841354,10.344062439936234,10.352672513084489,3205.267927164033
code-edit,3600,0.6,0.0,10.219842225158791,10.364284370622412,10.372331267622265,3020.294190942739
code-edit,3600,0.6,0.5,10.237511973847583,10.401591049213518,10.401591049194993,1881.9117749895356
code-edit,3600,0.6,0.6,10.240581235015455,10.373042966335854,10.371999891310372,2217.380949625581
code-edit,3600,0.6,0.7,10.233491385706724,10.381449563892485,10.383040957901947,2503.498801728891
code-edit,3600,0.6,0.8,10.233960302507466,10.375880328005518,10.383375354834708,2734.625179002796
code-edit,3600,0.6,0.9,10.226703212854826,10.361067388146262,10.36981762846882,2930.4998189605517
code-edit,3600,0.6,0.95,10.219933566787125,10.36372526753431,10.371846433211132,3018.2051780593083
code-edit,3600,0.5,0.0,10.229313805856785,10.373626190866744,10.380688626733987,2819.719238214935
code-edit,3600,0.5,0.5,10.240408182715058,10.420776406815111,10.420776406813077,1841.993476127891
code-edit,3600,0.5,0.6,10.241304574901768,10.37825743068064,10.378577148181671,2160.7943752638453
code-edit,3600,0.5,0.7,10.240883796763221,10.380946862020908,10.383077750429937,2317.4858432446463
code-edit,3600,0.5,0.8,10.235813554489594,10.37724996578658,10.379379909231858,2556.322877511625
code-edit,3600,0.5,0.9,10.232532256415304,10.375896846558964,10.38379493421205,2752.02924983091
code-edit,3600,0.5,0.95,10.229354520669101,10.373141091662227,10.380203304035449,2818.940861372222
code-edit,3600,0.4,0.0,10.235255344957586,10.379618336091616,10.384766738067999,2592.8294687105936
code-edit,3600,0.4,0.5,10.239009354729811,10.427096782774154,10.427096782979728,1770.9667418707106
code-edit,3600,0.4,0.6,10.243121203962561,10.389509714205074,10.389866517963396,2098.263775133253
code-edit,3600,0.4,0.7,10.243359891928922,10.378585932600584,10.380160560376575,2222.243644669117
code-edit,3600,0.4,0.8,10.236548424901832,10.369942503646167,10.371681381407166,2366.0397567614036
code-edit,3600,0.4,0.9,10.236561487360618,10.380967592985199,10.38689296510056,2517.7274492506167
code-edit,3600,0.4,0.95,10.235255344957586,10.379618336091616,10.384766738067999,2592.8294687105936
code-edit,3600,0.3,0.0,10.23880264139465,10.374480459372972,10.379352616985997,2351.943171526326
code-edit,3600,0.3,0.5,10.23839482808558,10.441034882759109,10.441034882963447,1507.50122036765
code-edit,3600,0.3,0.6,10.247463251472965,10.422247509271955,10.423190333116812,1800.0743127204262
code-edit,3600,0.3,0.7,10.243222523893603,10.375449043410564,10.375865450638615,2039.7064129154794
code-edit,3600,0.3,0.8,10.24316876812285,10.373209434711182,10.374306486214577,2155.3224236752344
code-edit,3600,0.3,0.9,10.238476588010379,10.368814305605909,10.371121044469108,2309.2980170989113
code-edit,3600,0.3,0.95,10.23880264139465,10.374480459372972,10.379352616985997,2351.9431715263254
prose-en,7771,1.0,0.0,2.3588888239200845,2.3579664817411476,2.3880574796857186,7771.0
prose-en,7771,1.0,0.5,2.268298923869195,2.265819218001373,2.277649850105082,4323.405985969306
prose-en,7771,1.0,0.6,2.3035773938277018,2.3083969496570313,2.327233289459019,5594.213584702469
prose-en,7771,1.0,0.7,2.328420691865508,2.3389222237831095,2.362446687992474,6486.6640571996295
prose-en,7771,1.0,0.8,2.345759994774868,2.351873278242187,2.3787656588860235,7146.350005296235
prose-en,7771,1.0,0.9,2.3570868567408443,2.354784327952132,2.381675080163763,7642.006241380724
prose-en,7771,1.0,0.95,2.358888463300159,2.357970570688214,2.3880508981903836,7752.093186435653
prose-en,7771,0.9,0.0,2.3565480996572647,2.3537696345645704,2.380447196650361,7215.700169863971
prose-en,7771,0.9,0.5,2.2573071477349096,2.252376001959444,2.2594552906843894,3662.8830017009154
prose-en,7771,0.9,0.6,2.29566141681119,2.2990463890288284,2.3145355646212034,4952.773420723572
prose-en,7771,0.9,0.7,2.3206441795247397,2.3256983331937917,2.344317870215634,5836.6998903926515
prose-en,7771,0.9,0.8,2.3392332520251333,2.3443203496855736,2.3672995599291404,6518.562680689251
prose-en,7771,0.9,0.9,2.3522945851136106,2.3509147156732793,2.375642368405611,7037.157651460949
prose-en,7771,0.9,0.95,2.356393943083596,2.353456146877288,2.380005785920735,7208.108674809689
prose-en,7771,0.8,0.0,2.3516500146210997,2.3492334080161426,2.374779754446906,6757.473062959121
prose-en,7771,0.8,0.5,2.24822455142325,2.244525951646975,2.251772156596388,3266.182276994557
prose-en,7771,0.8,0.6,2.2888487870132597,2.2935447451109043,2.3056821939107923,4362.951364329058
prose-en,7771,0.8,0.7,2.3134013259567308,2.3171620804174577,2.334397617212396,5307.794851288568
prose-en,7771,0.8,0.8,2.333424336119063,2.3400191810501836,2.3611332773629634,6086.469252740531
prose-en,7771,0.8,0.9,2.347330382329245,2.347723416821208,2.37140594372224,6562.141274752441
prose-en,7771,0.8,0.95,2.3516500146210997,2.3492334080161426,2.374779754446906,6757.473062959121
prose-en,7771,0.7,0.0,2.342477786860383,2.345743967603731,2.3685487765143067,6093.178717728152
prose-en,7771,0.7,0.5,2.241384641479067,2.2341772837916203,2.238866352292518,2711.1448683233375
prose-en,7771,0.7,0.6,2.272682498365727,2.2729378195108456,2.2826442995442466,3737.652291424139
prose-en,7771,0.7,0.7,2.2989440202385696,2.301257356770084,2.316630344809412,4459.005888677125
prose-en,7771,0.7,0.8,2.3221025113217215,2.3274229612682475,2.3457369603976144,5388.539339348446
prose-en,7771,0.7,0.9,2.3361885630129544,2.3439285044914975,2.365987596218646,5856.9672135260125
prose-en,7771,0.7,0.95,2.342477786860383,2.345743967603731,2.3685487765143067,6093.178717728152
prose-en,7771,0.6,0.0,2.331175922938664,2.337416191381887,2.3577705841575938,5352.692280664341
prose-en,7771,0.6,0.5,2.2315174677342524,2.2196475339569752,2.2236195713814593,2701.0600696112365
prose-en,7771,0.6,0.6,2.26356704548861,2.27117927211328,2.2786005370759144,3066.0570654061976
prose-en,7771,0.6,0.7,2.2895352648683676,2.2932340147952894,2.3053038975902647,3825.75830275208
prose-en,7771,0.6,0.8,2.308813588170529,2.311195297795428,2.326163143755461,4564.0461736466295
prose-en,7771,0.6,0.9,2.323724511653412,2.332685442239468,2.352431993527417,5161.757383790065
prose-en,7771,0.6,0.95,2.331079626471409,2.3374810972340696,2.3578742093714915,5349.312668904058
prose-en,7771,0.5,0.0,2.3156381237219135,2.3212679549987563,2.3389197594884834,4489.965378848305
prose-en,7771,0.5,0.5,2.2251133217816816,2.2149012856088275,2.218227321618881,2319.2444087491767
prose-en,7771,0.5,0.6,2.252123825903531,2.256328657110089,2.2605506897923213,2750.361420841191
prose-en,7771,0.5,0.7,2.273120515543717,2.279886108597217,2.2889332176944928,3110.6502168387688
prose-en,7771,0.5,0.8,2.293301870292015,2.295935171426127,2.3080443407679274,3688.337317774969
prose-en,7771,0.5,0.9,2.3101367981867735,2.3138091347207803,2.3292361370367973,4279.973887979211
prose-en,7771,0.5,0.95,2.315483302941158,2.3210284369043217,2.3387396323785232,4485.299667766979
prose-en,7771,0.4,0.0,2.296850815845243,2.2991657243958916,2.3122314403566646,3708.9185252261796
prose-en,7771,0.4,0.5,2.2178323840769547,2.19946035257387,2.2017354526011648,1540.42483435928
prose-en,7771,0.4,0.6,2.244998230208108,2.2455385808649337,2.2497913846132356,2421.376227994891
prose-en,7771,0.4,0.7,2.261556425007301,2.2704315109136988,2.277059741639672,2760.2516950857625
prose-en,7771,0.4,0.8,2.275802067809418,2.2799609513031527,2.290370174485247,3034.6060555213744
prose-en,7771,0.4,0.9,2.2899046869845234,2.2914959110243274,2.303549833776517,3385.4367875825715
prose-en,7771,0.4,0.95,2.296850815845243,2.2991657243958916,2.3122314403566646,3708.9185252261796
prose-en,7771,0.3,0.0,2.276492253245774,2.2792880260027353,2.2902668506417303,2867.50821583453
prose-en,7771,0.3,0.5,2.2125375181862688,2.19385146433342,2.1948990380405213,1474.6828498492753
prose-en,7771,0.3,0.6,2.227422635040047,2.2182115041306725,2.2208930353728955,1994.605158116029
prose-en,7771,0.3,0.7,2.2433118934917715,2.2423836103569963,2.2464841617874303,2279.207621755908
prose-en,7771,0.3,0.8,2.2571660680402488,2.2634896141819123,2.2703359760752586,2571.738744470355
prose-en,7771,0.3,0.9,2.272663032258884,2.2765253700144354,2.2867153556580253,2800.9903015825807
prose-en,7771,0.3,0.95,2.276492253245774,2.2792880260027353,2.2902668506417303,2867.508215834529
prose-ja,7366,1.0,0.0,2.3610329963009535,2.3675435655598993,2.3875489890645936,7366.0
prose-ja,7366,1.0,0.5,2.2949561525438114,2.297569764437144,2.3042167717615123,4687.4806064364475
prose-ja,7366,1.0,0.6,2.3189221717168227,2.321254373806857,2.3322900508111797,5686.46518125303
prose-ja,7366,1.0,0.7,2.3400194793425197,2.349262783456798,2.3644427929164378,6385.937831933574
prose-ja,7366,1.0,0.8,2.351837161874207,2.3603425682309513,2.378936410143549,6869.575504663092
prose-ja,7366,1.0,0.9,2.3596103655427934,2.3682854034440837,2.388719193237529,7252.4874780297805
prose-ja,7366,1.0,0.95,2.3612083500651853,2.3688729588946877,2.388844596447342,7349.411584463722
prose-ja,7366,0.9,0.0,2.36052715193589,2.367486389176166,2.385170065401699,6859.80132383772
prose-ja,7366,0.9,0.5,2.2877592731472354,2.2851103204083736,2.290995568002911,4061.186231768033
prose-ja,7366,0.9,0.6,2.3152115139873604,2.3147246037548523,2.32313109102858,5131.374142809341
prose-ja,7366,0.9,0.7,2.3332177940774126,2.340893098627748,2.352312662604322,5795.68129254704
prose-ja,7366,0.9,0.8,2.3480280731092122,2.356479124228204,2.3715442261615847,6337.203538896403
prose-ja,7366,0.9,0.9,2.357633925772385,2.3664170088357643,2.3839610746196693,6719.268957035662
prose-ja,7366,0.9,0.95,2.360361813753805,2.367403197303086,2.38501260489309,6855.361947053697
prose-ja,7366,0.8,0.0,2.356746073888892,2.362371333971616,2.3782456352092955,6428.578358460695
prose-ja,7366,0.8,0.5,2.2817219075493247,2.275698385740127,2.281456188882359,3692.819412510075
prose-ja,7366,0.8,0.6,2.309139491044549,2.3061106013843036,2.313427672633873,4671.497051333559
prose-ja,7366,0.8,0.7,2.3281507830429966,2.331617282970859,2.3417151383181376,5361.588742060237
prose-ja,7366,0.8,0.8,2.3440092942144837,2.351938669120102,2.3656169285754336,5912.394650932916
prose-ja,7366,0.8,0.9,2.35311602409368,2.3595358191819678,2.3752321546205017,6269.029232694075
prose-ja,7366,0.8,0.95,2.356746073888892,2.362371333971616,2.3782456352092955,6428.578358460695
prose-ja,7366,0.7,0.0,2.3501529864223025,2.356358868039679,2.3710241404104577,5860.719461395384
prose-ja,7366,0.7,0.5,2.2742730508387723,2.267940212954888,2.2711982662883647,3312.3242662034477
prose-ja,7366,0.7,0.6,2.2983702287876016,2.2931327290675716,2.29812592953982,4061.5314750256116
prose-ja,7366,0.7,0.7,2.3168028574202415,2.3179815219732043,2.3260697045761676,4798.517884123722
prose-ja,7366,0.7,0.8,2.3350292759173037,2.337177352611495,2.3483469929704244,5329.122288622117
prose-ja,7366,0.7,0.9,2.3452960003857872,2.3517778146373423,2.365646191786105,5671.848772802474
prose-ja,7366,0.7,0.95,2.3501529864223025,2.3563588680396785,2.371024140410457,5860.719461395387
prose-ja,7366,0.6,0.0,2.3412479443644063,2.3451367233893796,2.358161177929879,5295.882559847517
prose-ja,7366,0.6,0.5,2.2677552332078927,2.2600495729160013,2.2610064998447363,2967.7159685707497
prose-ja,7366,0.6,0.6,2.289902423088884,2.282880965750958,2.2866234064280855,3671.780538712932
prose-ja,7366,0.6,0.7,2.3100324560203847,2.3088881132201466,2.3159468969560137,4274.18771993535
prose-ja,7366,0.6,0.8,2.326066575329998,2.3290089617658616,2.338020538947581,4797.443640983991
prose-ja,7366,0.6,0.9,2.336857648213878,2.3405502601142345,2.3525418737924033,5126.35198011383
prose-ja,7366,0.6,0.95,2.341221436579737,2.345277241708038,2.3582715743585645,5282.895427140881
prose-ja,7366,0.5,0.0,2.330039168003131,2.3315345532257385,2.3422608780071403,4628.827596955905
prose-ja,7366,0.5,0.5,2.2619506574511226,2.2531110817941586,2.25415835204878,2667.735435786679
prose-ja,7366,0.5,0.6,2.2821668361120793,2.2776677760833826,2.281922842604798,3234.6302798302468
prose-ja,7366,0.5,0.7,2.2970879037164407,2.2880271939409993,2.292763278824437,3674.4092524512675
prose-ja,7366,0.5,0.8,2.3134903402481566,2.315331892181341,2.3227138950573067,4134.842982851171
prose-ja,7366,0.5,0.9,2.32646406214445,2.3270541516022645,2.3368293202463213,4523.9833697015065
prose-ja,7366,0.5,0.95,2.3298280324515854,2.3312414550136182,2.3419328557722023,4616.035223455686
prose-ja,7366,0.4,0.0,2.3165338514355955,2.3177753016736435,2.3260993816333526,4000.9371235178805
prose-ja,7366,0.4,0.5,2.2560766461138844,2.2455530607470946,2.2461306766100586,2356.6440900277
prose-ja,7366,0.4,0.6,2.276331785468857,2.2742808401866106,2.277305880562907,2869.820024978807
prose-ja,7366,0.4,0.7,2.288284038072657,2.283454940831156,2.287984616788963,3251.5716280300057
prose-ja,7366,0.4,0.8,2.2997631901603715,2.298643976052441,2.304036308205694,3600.1256340269324
prose-ja,7366,0.4,0.9,2.311700992376,2.3129052875738427,2.320404165373439,3869.6824046613633
prose-ja,7366,0.4,0.95,2.3165338514355955,2.3177753016736435,2.3260993816333526,4000.93712351788
prose-ja,7366,0.3,0.0,2.300604590080172,2.3020515938068833,2.3077915601738996,3392.5333263975876
prose-ja,7366,0.3,0.5,2.251497542381722,2.2463107565377607,2.246639394252974,2196.0646509650787
prose-ja,7366,0.3,0.6,2.2626563956101315,2.2630878292939167,2.263726833142134,2484.4648193939825
prose-ja,7366,0.3,0.7,2.275447931600012,2.2735357512500327,2.276307357675223,2758.97555337977
prose-ja,7366,0.3,0.8,2.2854072218475454,2.2796329766986627,2.2842680950347285,3028.791068083753
prose-ja,7366,0.3,0.9,2.2969692757667426,2.297319448621333,2.3022566800529294,3306.308103708767
prose-ja,7366,0.3,0.95,2.300604590080172,2.3020515938068833,2.307791560173899,3392.533326397588
pooled,24723,1.0,0.0,4.691576955391574,4.721461766250767,4.7493231904621585,24723.0
pooled,24723,1.0,0.5,4.653755181087291,4.704850564121369,4.712852039658321,14014.2816861291
pooled,24723,1.0,0.6,4.680024282770856,4.72418637522561,4.740572215152807,17897.651406667545
pooled,24723,1.0,0.7,4.692553790782779,4.732852073240346,4.753292835565491,20665.693222160622
pooled,24723,1.0,0.8,4.698425844877075,4.733235353841952,4.75772820700319,22662.220425932195
pooled,24723,1.0,0.9,4.696208217792332,4.728252017665056,4.754713212731158,24238.435110852173
pooled,24723,1.0,0.95,4.69255791016628,4.723012353785366,4.7504351706915156,24650.938421781695
pooled,24723,0.9,0.0,4.698883285100942,4.729937566816143,4.755738973069395,23077.88993321846
pooled,24723,0.9,0.5,4.650175720441154,4.713933918073495,4.719224755754933,12301.409529819357
pooled,24723,0.9,0.6,4.6762721317814835,4.729284045906884,4.7434382018099495,16075.847758030472
pooled,24723,0.9,0.7,4.689787502012077,4.7281333177208955,4.746101757759896,18675.707301747832
pooled,24723,0.9,0.8,4.698652519352733,4.742000707446024,4.764388965677891,20790.604024237804
pooled,24723,0.9,0.9,4.700653670907878,4.739238570443654,4.763791431531049,22448.714272892626
pooled,24723,0.9,0.95,4.698873659266513,4.7298846020002445,4.755698118822162,23056.09316056994
pooled,24723,0.8,0.0,4.70052216564566,4.738781559437115,4.763590888302115,21659.265074901155
pooled,24723,0.8,0.5,4.645020910111125,4.709921693652838,4.7152927221535235,11206.17762339391
pooled,24723,0.8,0.6,4.671556899797374,4.725468100768957,4.738878480792001,14603.854117921117
pooled,24723,0.8,0.7,4.686343326923576,4.731645316975236,4.748976894589655,17233.977343712973
pooled,24723,0.8,0.8,4.697324890777488,4.743897601262921,4.765326442552088,19492.870645451432
pooled,24723,0.8,0.9,4.701112270328562,4.744980063820818,4.768763849777881,20984.959637142558
pooled,24723,0.8,0.95,4.70052216564566,4.738781559437115,4.763590888302115,21659.265074901155
pooled,24723,0.7,0.0,4.699659150549611,4.747913623422987,4.77053098061454,19708.14845483369
pooled,24723,0.7,0.5,4.6395139894447475,4.700082086930824,4.704047584118734,9816.965870081349
pooled,24723,0.7,0.6,4.661033225215195,4.719752053730614,4.727815899062764,12688.315245540896
pooled,24723,0.7,0.7,4.678373789720191,4.733820389094346,4.747806881680393,15132.092434221064
pooled,24723,0.7,0.8,4.692265420135614,4.741689725679042,4.761136718550454,17554.606862591434
pooled,24723,0.7,0.9,4.6987352580285116,4.749197236418299,4.771081903019279,18933.185640323707
pooled,24723,0.7,0.95,4.699659150549611,4.747913623422987,4.770530980614539,19708.148454833692
pooled,24723,0.6,0.0,4.695903180285657,4.749455240632073,4.7707384097895895,17611.643266571522
pooled,24723,0.6,0.5,4.634645809393237,4.708647478903872,4.711068240021601,9350.56928441049
pooled,24723,0.6,0.6,4.656321662930949,4.714839564248874,4.720923501966533,11157.136470026464
pooled,24723,0.6,0.7,4.672846679382237,4.729288330526678,4.7415212353967195,13397.12368531048
pooled,24723,0.6,0.8,4.6851500980003955,4.739516353340994,4.756586291375347,15447.197416765819
pooled,24723,0.6,0.9,4.69338900516913,4.745501913042667,4.766280722668192,16964.37428456392
pooled,24723,0.6,0.95,4.695894747541385,4.7495429948392465,4.770863350439682,17590.664735813625
pooled,24723,0.5,0.0,4.689052876085953,4.74542065767059,4.763994521038019,15132.459634128534
pooled,24723,0.5,0.5,4.631441433330152,4.718062707386,4.720255051961677,8468.12889209923
pooled,24723,0.5,0.6,4.650095596545665,4.71249369226174,4.717853022253317,9779.76393667049
pooled,24723,0.5,0.7,4.663537100108354,4.723159164753531,4.731843324510023,11340.381143717343
pooled,24723,0.5,0.8,4.676100460860731,4.733145462839052,4.746360179790972,13078.218434206146
pooled,24723,0.5,0.9,4.68628471373146,4.741342419365115,4.759008714367294,14629.4265100974
pooled,24723,0.5,0.95,4.688973646279365,4.74547660714254,4.764066646324068,15109.440481843794
pooled,24723,0.4,0.0,4.67887100197346,4.734890151138034,4.749739258841016,12684.152028706592
pooled,24723,0.4,0.5,4.626671585231693,4.717974309942381,4.719789798314848,7219.97412754096
pooled,24723,0.4,0.6,4.646076483741697,4.719261207824432,4.72422329800028,8723.222154445331
pooled,24723,0.4,0.7,4.657528371955282,4.717237168178344,4.72493593034401,9741.12508343871
pooled,24723,0.4,0.8,4.66555527803181,4.720234665221574,4.730342461155554,11018.063650222877
pooled,24723,0.4,0.9,4.674717489918034,4.732290866652149,4.746113517335801,12072.05179515617
pooled,24723,0.4,0.95,4.67887100197346,4.734890151138034,4.749739258841016,12684.152028706592
pooled,24723,0.3,0.0,4.6667137449002345,4.724063633242786,4.734990936368909,10240.986168224263
pooled,24723,0.3,0.5,4.6236718017875225,4.716488941618097,4.717397533779081,6425.822559635615
pooled,24723,0.3,0.6,4.635239290417691,4.727952081637923,4.730485518602462,7839.816618760295
pooled,24723,0.3,0.7,4.645160202509992,4.709796574467909,4.714384655805115,8007.411863341688
pooled,24723,0.3,0.8,4.654853063511852,4.714146950409453,4.7213568288501735,8972.389077617048
pooled,24723,0.3,0.9,4.663914617815436,4.719713124279733,4.729165086738152,9955.695015761381
pooled,24723,0.3,0.95,4.6667137449002345,4.724063633242786,4.734990936368909,10240.986168224263
